{"0":-0.10248321294784546,"1":0.19263043999671936,"2":0.0616254098713398,"3":-0.04978949949145317,"4":-0.07549303025007248,"5":-0.03079964779317379,"6":-0.04905448481440544,"7":-0.11793361604213715,"8":0.1882372349500656,"9":-0.08476217091083527,"10":0.2777344882488251,"11":-0.0037028531078249216,"12":-0.1965390294790268,"13":-0.08978688716888428,"14":-0.050976309925317764,"15":0.1810324788093567,"16":-0.2912958562374115,"17":-0.11481326073408127,"18":-0.0019775338005274534,"19":-0.012162425555288792,"20":0.11291607469320297,"21":-0.03350628912448883,"22":0.022537970915436745,"23":0.007549011614173651,"24":-0.038542360067367554,"25":-0.33335626125335693,"26":-0.09302300959825516,"27":-0.09368695318698883,"28":0.0903535708785057,"29":-0.045194871723651886,"30":-0.09078450500965118,"31":-0.02645401656627655,"32":-0.20151764154434204,"33":-0.10899969190359116,"34":0.00794252660125494,"35":0.06466885656118393,"36":-0.06125523895025253,"37":-0.0729057565331459,"38":0.1597895473241806,"39":-0.011992973275482655,"40":-0.11577365547418594,"41":0.10173879563808441,"42":0.03711354359984398,"43":0.22844740748405457,"44":0.17681653797626495,"45":0.07731092721223831,"46":0.047815948724746704,"47":-0.16083559393882751,"48":0.12721942365169525,"49":-0.12093650549650192,"50":0.010385395027697086,"51":0.1927613615989685,"52":0.10083293169736862,"53":0.093659907579422,"54":0.01284859050065279,"55":-0.14486604928970337,"56":0.03468519449234009,"57":0.060644909739494324,"58":-0.14929284155368805,"59":0.05420231819152832,"60":0.12533652782440186,"61":-0.04345224052667618,"62":-0.027173839509487152,"63":-0.056902557611465454,"64":0.2123948186635971,"65":0.0743473693728447,"66":-0.08281147480010986,"67":-0.23628774285316467,"68":0.10221168398857117,"69":-0.10068860650062561,"70":-0.10149400681257248,"71":0.036404773592948914,"72":-0.16113349795341492,"73":-0.15118910372257233,"74":-0.21375130116939545,"75":0.033368539065122604,"76":0.3546591103076935,"77":0.07906732708215714,"78":-0.12726111710071564,"79":0.07192495465278625,"80":-0.09380094707012177,"81":-0.05643744021654129,"82":0.08580183237791061,"83":0.12774161994457245,"84":-0.02194785699248314,"85":0.008598399348556995,"86":-0.12586626410484314,"87":0.0025910448748618364,"88":0.17885440587997437,"89":-0.0789063572883606,"90":-0.0013528842246159911,"91":0.2254430204629898,"92":-0.01755201816558838,"93":0.07447196543216705,"94":-0.005675770342350006,"95":0.008030186407268047,"96":-0.11072729527950287,"97":0.10188709944486618,"98":-0.11442287266254425,"99":-0.057003334164619446,"100":0.03721270710229874,"101":-0.07269260287284851,"102":-0.024259477853775024,"103":0.06477531790733337,"104":-0.13972628116607666,"105":0.041969478130340576,"106":-0.03252924233675003,"107":0.087474524974823,"108":-0.0014744990039616823,"109":-0.02968439646065235,"110":-0.12027740478515625,"111":-0.05281169340014458,"112":0.11557747423648834,"113":-0.22702454030513763,"114":0.2773248851299286,"115":0.20627149939537048,"116":0.04588533937931061,"117":0.0782015323638916,"118":0.1319199502468109,"119":0.08079573512077332,"120":0.02244940586388111,"121":-0.013561793603003025,"122":-0.18530333042144775,"123":-0.025138160213828087,"124":0.03871435299515724,"125":0.005743660498410463,"126":0.04399406537413597,"127":0.0003434319223742932}