{"0":-0.09495855867862701,"1":0.22199897468090057,"2":0.07761465013027191,"3":-0.05354471877217293,"4":-0.0796574056148529,"5":-0.030710477381944656,"6":-0.07393321394920349,"7":-0.109437495470047,"8":0.1522861123085022,"9":-0.07348494231700897,"10":0.27821797132492065,"11":0.005448743235319853,"12":-0.1769050806760788,"13":-0.06996559351682663,"14":-0.05551881343126297,"15":0.16964679956436157,"16":-0.2751036286354065,"17":-0.09722134470939636,"18":-0.03225473687052727,"19":-0.008135105483233929,"20":0.12100086361169815,"21":-0.0284342709928751,"22":0.022244973108172417,"23":0.01072861161082983,"24":-0.022541118785738945,"25":-0.34942352771759033,"26":-0.07817605882883072,"27":-0.07886704057455063,"28":0.09584055840969086,"29":-0.02772320993244648,"30":-0.0735119879245758,"31":-0.015540898777544498,"32":-0.19763384759426117,"33":-0.10782960057258606,"34":0.004294573329389095,"35":0.049925338476896286,"36":-0.059202197939157486,"37":-0.06215420737862587,"38":0.15021517872810364,"39":-0.016765516251325607,"40":-0.14123423397541046,"41":0.11117377877235413,"42":0.027406757697463036,"43":0.23150375485420227,"44":0.22713778913021088,"45":0.08570672571659088,"46":0.06721382588148117,"47":-0.1398792862892151,"48":0.10748962312936783,"49":-0.16478337347507477,"50":0.00030203693313524127,"51":0.208988219499588,"52":0.10323882848024368,"53":0.07599592208862305,"54":0.00035258266143500805,"55":-0.12382282316684723,"56":0.03398135304450989,"57":0.057361725717782974,"58":-0.1532513052225113,"59":0.059263985604047775,"60":0.1222374364733696,"61":-0.07587341964244843,"62":-0.009383649565279484,"63":-0.039657462388277054,"64":0.2058757245540619,"65":0.0800292119383812,"66":-0.0969613716006279,"67":-0.21849817037582397,"68":0.10594644397497177,"69":-0.10851218551397324,"70":-0.08886832743883133,"71":0.045183077454566956,"72":-0.15798744559288025,"73":-0.16521994769573212,"74":-0.21515174210071564,"75":0.03540370240807533,"76":0.3990570306777954,"77":0.10152523964643478,"78":-0.13138575851917267,"79":0.06649400293827057,"80":-0.12929491698741913,"81":-0.05368334427475929,"82":0.08181510120630264,"83":0.12263903021812439,"84":-0.016065258532762527,"85":-0.041261401027441025,"86":-0.13166679441928864,"87":0.011038434691727161,"88":0.20276758074760437,"89":-0.08429323881864548,"90":-0.013001491315662861,"91":0.2452993243932724,"92":-0.014979911036789417,"93":0.05584253370761871,"94":-0.02297084778547287,"95":0.04515307769179344,"96":-0.11500167101621628,"97":0.09505216777324677,"98":-0.10252861678600311,"99":-0.06052657961845398,"100":0.03094957210123539,"101":-0.06715236604213715,"102":-0.023236224427819252,"103":0.08013658970594406,"104":-0.1496824026107788,"105":0.06349524110555649,"106":-0.053620416671037674,"107":0.10327956080436707,"108":0.022666824981570244,"109":-0.038491129875183105,"110":-0.10088697075843811,"111":-0.060864996165037155,"112":0.1279444545507431,"113":-0.1910915970802307,"114":0.260986864566803,"115":0.2227868288755417,"116":0.042180135846138,"117":0.07647891342639923,"118":0.15020710229873657,"119":0.07270769029855728,"120":0.04726852849125862,"121":-0.03938392549753189,"122":-0.18550895154476166,"123":-0.043149035423994064,"124":0.026491211727261543,"125":0.001060012262314558,"126":0.03872241824865341,"127":-0.002051910851150751}