{"0":-0.08111737668514252,"1":0.22152987122535706,"2":0.06509862840175629,"3":-0.06276773661375046,"4":-0.05868266522884369,"5":-0.07271093130111694,"6":-0.042579635977745056,"7":-0.10824743658304214,"8":0.18745046854019165,"9":-0.06433434039354324,"10":0.25305983424186707,"11":-0.028165383264422417,"12":-0.18703269958496094,"13":-0.08704182505607605,"14":-0.04214263707399368,"15":0.1782650202512741,"16":-0.2967304289340973,"17":-0.09985338151454926,"18":-0.046801477670669556,"19":-0.02631547302007675,"20":0.1272517889738083,"21":-0.024015577509999275,"22":0.04136664792895317,"23":0.007322652265429497,"24":-0.026496831327676773,"25":-0.3628527522087097,"26":-0.10572854429483414,"27":-0.0944535881280899,"28":0.1094692125916481,"29":-0.036888282746076584,"30":-0.07004714757204056,"31":-0.020538808777928352,"32":-0.2265414148569107,"33":-0.13361574709415436,"34":-0.0016453202115371823,"35":0.04708202928304672,"36":-0.04992074519395828,"37":-0.0823318138718605,"38":0.15526288747787476,"39":-0.0025603342801332474,"40":-0.11145678162574768,"41":0.10817638784646988,"42":0.021487999707460403,"43":0.22436612844467163,"44":0.21656176447868347,"45":0.07605171203613281,"46":0.06906842440366745,"47":-0.15841373801231384,"48":0.12018053233623505,"49":-0.14240027964115143,"50":0.0068450020626187325,"51":0.1728273332118988,"52":0.0916294977068901,"53":0.10222478955984116,"54":0.02430214174091816,"55":-0.15522392094135284,"56":0.04081341624259949,"57":0.05110318958759308,"58":-0.15671075880527496,"59":0.04637811332941055,"60":0.1107889786362648,"61":-0.0469212606549263,"62":-0.02916998788714409,"63":-0.04230846092104912,"64":0.20744957029819489,"65":0.06513052433729172,"66":-0.07802337408065796,"67":-0.23298771679401398,"68":0.0964408814907074,"69":-0.10307282954454422,"70":-0.06493786722421646,"71":0.0488150380551815,"72":-0.14782023429870605,"73":-0.13753952085971832,"74":-0.22891123592853546,"75":0.037084996700286865,"76":0.40471118688583374,"77":0.08334137499332428,"78":-0.14877793192863464,"79":0.06064503267407417,"80":-0.13468369841575623,"81":-0.06225771829485893,"82":0.09342245012521744,"83":0.10766042023897171,"84":-0.03019258938729763,"85":0.005282027646899223,"86":-0.14922674000263214,"87":0.03395891562104225,"88":0.18186116218566895,"89":-0.09862637519836426,"90":-0.02987094409763813,"91":0.2349274754524231,"92":-0.02383490651845932,"93":0.10658711940050125,"94":-0.02479797974228859,"95":0.00591806136071682,"96":-0.13277138769626617,"97":0.11135672777891159,"98":-0.11341457068920135,"99":-0.0559815838932991,"100":0.06034507602453232,"101":-0.04931585490703583,"102":-0.052192579954862595,"103":0.064727284014225,"104":-0.12565289437770844,"105":0.060336921364068985,"106":-0.02302294597029686,"107":0.07722343504428864,"108":-0.0306240301579237,"109":-0.04784335941076279,"110":-0.12478729337453842,"111":-0.0335867665708065,"112":0.12846660614013672,"113":-0.2097548395395279,"114":0.26968348026275635,"115":0.22120483219623566,"116":0.01979851722717285,"117":0.09255532920360565,"118":0.1329164057970047,"119":0.06161890923976898,"120":0.0337643027305603,"121":-0.02811778523027897,"122":-0.19135341048240662,"123":-0.013283795677125454,"124":0.051671262830495834,"125":0.028119800612330437,"126":0.04830007255077362,"127":-0.0027818342205137014}